User,Friends
mbidler,"svomstei, jfoerst7, jwendt3, dzajcev, nasemota, skuske1, hihor"
ljusseit,"fhenkenj, anebling, hihor, eeisele, yhani, dzajcev, nbetker"
jschulza,"jfoerst7, kammar, mlauria, cacar2, ssrioui, ddick2, mgueler2"
dsuess1,"ddick2, yhashemi, skuske1, lueberbe, yhani, jmenn, ssrioui"
nbetker,"dschne13, hihor, lueberbe, svomstei, acescott, nasemota, ksebald"
acescott,"nbetker, jschulza, dzajcev, dschne13, skuske1, orichte1, jfoerst7"
jfoerst7,"hkoop, fhenkenj, nbetker, mgueler2, cacar2, ssrioui, orichte1"
nmorczin,"ebuzkir, mhasan5, skusdoga, fgalgano, tmarienh, ksebald, acescott"
yhani,"ljusseit, sdriouic, jwendt3, ebuzkir, akurmemo, dsuess1, dschne13"
mkaestn1,"kelali, hkoop, fmecklen, cacar2, kammar, ssrioui, thorocho"
tschulle,"mlauria, svomstei, cacar2, skuske1, anebling, breich, yhashemi"
svomstei,"mlauria, fschuh2, akurmemo, nasemota, ssrioui, lhesse4, lueberbe"
ddick2,"mbidler, acescott, skusdoga, jmenn, mgueler2, fhenkenj, kammar"
fgalgano,"lruedena, acescott, mlauria, tdemuth, soezmen1, ksebald, lhesse4"
fhenkenj,"dschne13, skuske1, anebling, nbetker, fgalgano, lhesse4, mbidler"
mlauria,"svomstei, lhesse4, ddick2, eeisele, dzajcev, mhasan5, kelali"
mgueler2,"fgalgano, kammar, mbidler, lhesse4, mlauria, ssrioui, ksebald"
hihor,"ddick2, tschulle, skuske1, kammar, mlauria, fschuh2, ljusseit"
akurmemo,"soezmen1, eeisele, ksebald, skusdoga, fgalgano, mgueler2, vtran2"
soezmen1,"svomstei, tschulle, thorocho, nasemota, ebuzkir, kammar, dschne13"
ebuzkir,"mlauria, yhashemi, tschulle, tmarienh, kelali, skusdoga, emuth"
lhesse4,"skusdoga, emuth, jwendt3, kelali, dschne13, tschulle, jmenn"
anebling,"yhani, sdriouic, ljusseit, cacar2, yhashemi, fschuh2, mhasan5"
breich,"yhani, ebuzkir, tmarienh, mbidler, mgueler2, hkoop, jmenn"
eeisele,"nmorczin, lhesse4, mlauria, sdriouic, dsuess1, acescott, lueberbe"
hkoop,"jwendt3, dsuess1, skuske1, mgueler2, yhashemi, fmecklen, yhani"
skuske1,"yhashemi, dsuess1, fhenkenj, orichte1, fmecklen, ksebald, dzajcev"
tmarienh,"orichte1, eeisele, lueberbe, lruedena, lhesse4, dzajcev, fschuh2"
jmenn,"tmarienh, cacar2, yhani, dschne13, skuske1, nbetker, mlauria"
orichte1,"hihor, lueberbe, breich, fmecklen, soezmen1, thorocho, mlauria"
lruedena,"tmarienh, anebling, jfoerst7, fmecklen, orichte1, kammar, jwendt3"
ksebald,"emuth, dschne13, nasemota, akurmemo, anebling, dzajcev, ssrioui"
yhashemi,"jmenn, fgalgano, hihor, skuske1, nasemota, ssrioui, mhasan5"
skusdoga,"orichte1, jschulza, jfoerst7, hkoop, kammar, ssrioui, skuske1"
ssrioui,"mlauria, dsuess1, orichte1, eeisele, thorocho, acescott, sdriouic"
vtran2,"jfoerst7, nmorczin, orichte1, soezmen1, mgueler2, breich, mkaestn1"
dschne13,"dzajcev, ssrioui, anebling, hkoop, ddick2, hihor, dsuess1"
fschuh2,"fmecklen, jfoerst7, nmorczin, mkaestn1, yhashemi, acescott, ddick2"
lueberbe,"ksebald, ebuzkir, tmarienh, acescott, breich, hkoop, jfoerst7"
dzajcev,"fschuh2, kammar, jwendt3, tdemuth, nmorczin, svomstei, cacar2"
cacar2,"tmarienh, ksebald, ssrioui, mbidler, fgalgano, dsuess1, yhashemi"
kelali,"anebling, lueberbe, vtran2, skusdoga, fhenkenj, kammar, eeisele"
mhasan5,"vtran2, mkaestn1, ddick2, skuske1, orichte1, mlauria, mgueler2"
nasemota,"mhasan5, dsuess1, fschuh2, dschne13, lruedena, svomstei, kammar"
tdemuth,"svomstei, kammar, lueberbe, tschulle, cacar2, ebuzkir, yhani"
sdriouic,"fgalgano, svomstei, fmecklen, cacar2, nbetker, jwendt3, yhashemi"
jwendt3,"lruedena, mkaestn1, skuske1, soezmen1, dzajcev, fgalgano, kammar"
kammar,"nasemota, ljusseit, emuth, breich, svomstei, tmarienh, lruedena"
thorocho,"svomstei, fmecklen, yhashemi, sdriouic, lruedena, fschuh2, mgueler2"
fmecklen,"emuth, nbetker, yhashemi, jmenn, svomstei, skusdoga, breich"
emuth,"fhenkenj, lueberbe, anebling, yhashemi, fgalgano, mlauria, mhasan5"
